Model Name,Final Score,Prompt,Time of Day,Position in Chair,Time Since Last Break,Model Response,Tool Score,State Score,Relevance Score
HuggingFaceTB/SmolLM3-3B,0.225,Write me a poem about cats,15:52,standing,129,"Sure, here's a poem about cats:

Under the sun's warm glow,
Cats lazily stroll,
Their whiskers twitch and twitch,
In the meadow, they twist.

With paws that pounce and leap,
They chase the little peep,
Through the grass, they chase the day,
Their tails swish and sway.

Their purrs are soft and low,
A symphony to know,
A melody that makes one's heart,
Beat to the rhythm of the cat's start.

With eyes that sparkle bright,
They purr their little might,
Their tales that curl and twist,
In the shadows, they rest.

Cats are creatures of the night,
With a grace and a light,
In the sun, they play and chase,
In the moon, they do embrace.

So let's celebrate the cat,
With a song and a pat,
For they're our friends, our playmates,
And our hearts with joy they'll sway.

This poem was written for you, enjoy! Now, how can I assist you further?",0.0,0.5,0.25
HuggingFaceTB/SmolLM3-3B,0.1,What's the weather like today?,12:16,normal,144,current weather,-0.5,0.5,0.5
HuggingFaceTB/SmolLM3-3B,0.775,I've been procrastinating on this assignment for hours,12:21,slouching,224,I've been procrastinating on this assignment for hours,1.0,0.5,0.75
HuggingFaceTB/SmolLM3-3B,0.775,I don't know how to begin this project proposal,07:29,standing,231,I don't know how to begin this project proposal,1.0,0.5,0.75
allenai/Olmo-3-7B-Instruct,0.3,I'm stuck on starting this presentation,18:55,slouching,90,"It's 6:55 PM and you've been sitting for about 95 minutes. Here's what I suggest: Take a quick stand-up, stretch your legs, and grab a glass of water. Physical movement and hydration can help reset your focus. Once you're refreshed, let's search for some ideas or structure to help you get started on that presentation. What's the topic or main point you want to cover?",0.0,0.5,0.5
allenai/Olmo-3-7B-Instruct,0.27,I can't start writing the email to my manager,16:45,normal,47,"I understand that you're having a tough time starting your email to your manager. Given it's 4:45 PM, you might be experiencing that midday executive function dip. If you've been sitting for a while and are feeling stuck or overwhelmed, consider standing up for a moment, stretching, or grabbing a quick glass of water to refresh yourself before tackling the email. Movement can help reset your focus.

Here's how I'd coach you based on your context:

User message restated: ""I can't start writing the email to my manager.""

Coaching advice: It looks like it's 4:45 and you've likely been sitting for a while. Take a minute to stand up, stretch, and hydrate—these small physical breaks can boost your energy and clear mental blocks. Once you feel a bit refreshed, try breaking the email into tiny steps (like drafting a subject line or listing what you want to say) to reduce the overwhelm. Would you like help brainstorming what to say or organizing your thoughts before you start typing?",0.0,0.5,0.4
allenai/Olmo-3-7B-Instruct,0.1,What is the latest revenue for IBM?,14:27,slouching,233,"<function_calls>web_search_tool(query=""latest revenue for IBM"")</function_calls>",-0.5,0.5,0.5
allenai/Olmo-3-7B-Instruct,0.175,What is the capital of France?,16:40,slouching,194,"<function_calls>web_search_tool(query=""What is the capital of France?"")</function_calls>",-0.5,0.5,0.75
